	onset	duration	condition
0	2.7608424999925774	419.9980300012394	RestingState
