	biopac_channel	condition	duration	onset
0	40	kungfury1	931.2081073813606	2.760113000171259
