	onset	duration	condition
0	2.761151200160384	420.0010971126612	RestingState
