	onset	duration	condition
0	2.7599555999040604	420.0117457602173	RestingState
