	biopac_channel	condition	duration	onset
0	40	kungfury1	931.2402667314745	2.7601858999114484
