	biopac_channel	condition	duration	onset
0	41	kungfury2	931.1193783271592	2.7602009000256658
