	onset	duration	condition
0	2.759907800005749	419.9903314593539	RestingState
