	biopac_channel	condition	duration	onset
0	40	kungfury1	931.2188660025131	2.760180699871853
