	biopac_channel	condition	duration	onset
0	40	kungfury1	931.2178868136834	2.7602401999756694
