	biopac_channel	condition	duration	onset
0	40	kungfury1	931.2134400811046	2.7601909996010363
