	biopac_channel	condition	duration	onset
0	40	kungfury1	931.2164284316823	2.760175300296396
