	biopac_channel	condition	duration	onset
0	40	kungfury1	931.2136251599986	2.7602806999993845
