	onset	duration	condition
0	2.760433900170028	420.0023558414541	RestingState
