	biopac_channel	condition	duration	onset
0	40	kungfury1	931.2401414981578	2.7601778999669477
