	biopac_channel	condition	duration	onset
0	40	kungfury1	931.2372919294721	2.7602064999955473
