	biopac_channel	condition	duration	onset
0	40	kungfury1	931.237246545963	2.760109900031239
