	biopac_channel	condition	duration	onset
0	41	kungfury2	931.1053727364633	2.760139200021513
