	biopac_channel	condition	duration	onset
0	41	kungfury2	931.1160516014206	2.7601726000139024
