	biopac_channel	condition	duration	onset
0	40	kungfury1	931.2217175948899	2.7602015999145806
