	biopac_channel	condition	duration	onset
0	40	kungfury1	931.207039600471	2.7601997999008745
