	biopac_channel	condition	duration	onset
0	40	kungfury1	931.2395278709009	2.7601939998567104
