	biopac_channel	condition	duration	onset
0	41	kungfury2	931.0953413198004	2.760192600078881
