	biopac_channel	condition	duration	onset
0	41	kungfury2	931.1164089678787	2.7601114999270067
