	biopac_channel	condition	duration	onset
0	40	kungfury1	931.2204236444086	2.760115799959749
