	biopac_channel	condition	duration	onset
0	41	kungfury2	931.1089224088937	2.7601369000039995
