	biopac_channel	condition	duration	onset
0	41	kungfury2	931.1211137950886	2.7602261998690665
