	run	onset	duration	run starts	run start ntp	run ends	run end ntp
0	m1	3.965637299930677	2.7786469999700785	Oct  6 16:38:00	1665088680.4858546	Oct  6 16:38:03	1665088683.2590132
