	biopac_channel	condition	duration	onset
0	41	kungfury2	931.0990862075705	2.7601890000514686
