	biopac_channel	condition	duration	onset
0	40	kungfury1	931.1985505687044	2.760349500007578
