	biopac_channel	condition	duration	onset
0	40	kungfury1	931.2241839514463	2.760173600021517
