	biopac_channel	condition	duration	onset
0	40	kungfury1	931.2392194787972	2.760196399874985
