	biopac_channel	condition	duration	onset
0	41	kungfury2	931.1242545215646	2.7602136000059545
