	biopac_channel	condition	duration	onset
0	41	kungfury2	931.1141074620245	2.760200499993516
