	biopac_channel	condition	duration	onset
0	40	kungfury1	931.2214439804666	2.7601147000095807
