	biopac_channel	condition	duration	onset
0	41	kungfury2	931.1035676123574	2.7601224002428353
