	biopac_channel	condition	duration	onset
0	41	kungfury2	931.091800560389	2.760118699996383
