	biopac_channel	condition	duration	onset
0	41	kungfury2	931.116154616233	2.760202699806541
