	biopac_channel	condition	duration	onset
0	41	kungfury2	931.1008657731581	2.760176599957049
