	biopac_channel	condition	duration	onset
0	41	kungfury2	931.1354132802226	2.7601692001335323
