	biopac_channel	condition	duration	onset
0	40	kungfury1	931.2062007784843	2.7601796998642385
