	biopac_channel	condition	duration	onset
0	40	kungfury1	931.2271904555382	2.760198300005868
