	biopac_channel	condition	duration	onset
0	40	kungfury1	931.2373696221039	2.7601989000104368
