	biopac_channel	condition	duration	onset
0	41	kungfury2	931.0996074993163	2.7601755000650883
