	biopac_channel	condition	duration	onset
0	40	kungfury1	931.2118088783172	2.760305600007996
