	biopac_channel	condition	duration	onset
0	40	kungfury1	931.2346374215558	2.7601284000556916
