	biopac_channel	condition	duration	onset
0	41	kungfury2	931.1241010343656	2.760138100013137
