	onset	duration	condition	biopac_channel
0	0.00025219994131475687	9.984751966665499	inscapes-movie	214
