	onset	duration	condition	biopac_channel
0	0.0002500000409781933	9.99235306668561	inscapes-movie	214
