	biopac_channel	condition	duration	onset
0	41	kungfury2	931.1299573702272	2.760202100034803
