	biopac_channel	condition	duration	onset
0	40	kungfury1	931.2322319011437	2.7601788999745622
