	biopac_channel	condition	duration	onset
0	40	kungfury1	931.2316737490473	2.7601281999377534
