	biopac_channel	condition	duration	onset
0	41	kungfury2	931.1001192827534	2.7603679000167176
