	biopac_channel	condition	duration	onset
0	40	kungfury1	931.2213495566975	2.7601192998699844
