	biopac_channel	condition	duration	onset
0	40	kungfury1	931.2396467656363	2.760111300041899
