	biopac_channel	condition	duration	onset
0	41	kungfury2	931.1215646457858	2.760129200061783
