	biopac_channel	condition	duration	onset
0	40	kungfury1	931.2234486285597	2.7601532000117004
