	biopac_channel	condition	duration	onset
0	41	kungfury2	931.1288496549241	2.760115799959749
