	biopac_channel	condition	duration	onset
0	41	kungfury2	931.1050550704822	2.760116199962795
