	biopac_channel	condition	duration	onset
0	41	kungfury2	931.1035710501601	2.760208399966359
