	onset	duration	condition
0	2.760087599977851	420.00116155541036	RestingState
