	biopac_channel	condition	duration	onset
0	41	kungfury2	931.1292918773834	2.7601727000437677
