	biopac_channel	condition	duration	onset
0	41	kungfury2	931.1208643852733	2.7601950000971556
