	biopac_channel	condition	duration	onset
0	40	kungfury1	931.2237548818812	2.7601073998957872
