	biopac_channel	condition	duration	onset
0	41	kungfury2	931.1218840058427	2.76011999999173
