	biopac_channel	condition	duration	onset
0	41	kungfury2	931.1110501580406	2.7602077000774443
