	biopac_channel	condition	duration	onset
0	41	kungfury2	931.1259423261508	2.7601070000091568
