	biopac_channel	condition	duration	onset
0	40	kungfury1	931.228191082133	2.760143600171432
