	biopac_channel	condition	duration	onset
0	40	kungfury1	931.2122502934653	2.7601953998673707
