	biopac_channel	condition	duration	onset
0	40	kungfury1	931.236775507452	2.760184299899265
