	biopac_channel	condition	duration	onset
0	41	kungfury2	931.1045430763625	2.7601775000803173
