	onset	duration	condition	biopac_channel
0	2.7603383000023314	931.2314322999882	kungfury1	215
