	onset	duration	condition	biopac_channel
0	0.00023210000654216856	931.1292268600082	kungfury2	216
