	onset	duration	condition	biopac_channel
0	0.0005227000219747424	420.0908950599842	inscapes-movie	214
