	onset	duration	condition
0	2.760047300020233	420.00073181046173	RestingState
