	onset	duration	condition
0	2.7601037002168596	420.00602514017373	RestingState
