	biopac_channel	condition	duration	onset
0	41	kungfury2	931.0962270798627	2.760194099973887
