	biopac_channel	condition	duration	onset
0	41	kungfury2	931.110699566314	2.7601122001651675
