	onset	duration	condition
0	2.759953200002201	419.99655538087245	RestingState
