	biopac_channel	condition	duration	onset
0	40	kungfury1	931.2422157477704	2.7601376000093296
