	biopac_channel	condition	duration	onset
0	40	kungfury1	931.2138841007836	2.7602045999956317
