	biopac_channel	condition	duration	onset
0	40	kungfury1	931.24553808372	2.7601132999407127
