	biopac_channel	condition	duration	onset
0	41	kungfury2	931.1125308014452	2.7601808002218604
