	biopac_channel	condition	duration	onset
0	41	kungfury2	931.1180278799729	2.7601138999452814
