	biopac_channel	condition	duration	onset
0	40	kungfury1	931.2195640117861	2.7601747000589967
