	biopac_channel	condition	duration	onset
0	41	kungfury2	931.1096095556859	2.7601144001819193
