	biopac_channel	condition	duration	onset
0	41	kungfury2	931.0937170900064	2.760115800000051
