	biopac_channel	condition	duration	onset
0	41	kungfury2	931.1209916397493	2.7601782999990974
