	onset	duration	condition
0	2.7600973999942653	419.99335451135994	RestingState
