	biopac_channel	condition	duration	onset
0	41	kungfury2	931.1054093830753	2.760181700112298
