	biopac_channel	condition	duration	onset
0	40	kungfury1	931.2253754236735	2.7601982997730374
