	biopac_channel	condition	duration	onset
0	41	kungfury2	931.1050831376342	2.7601264000404626
