	biopac_channel	condition	duration	onset
0	40	kungfury1	931.2301686004575	2.7601825000019744
