	biopac_channel	condition	duration	onset
0	41	kungfury2	931.1214257304091	2.760131600080058
