	biopac_channel	condition	duration	onset
0	40	kungfury1	931.2331767703872	2.760189900174737
