	biopac_channel	condition	duration	onset
0	40	kungfury1	931.2162022932898	2.760119700105861
