	onset	duration	condition
0	2.7592413999373093	420.00539018702693	RestingState
