	biopac_channel	condition	duration	onset
0	40	kungfury1	931.228554420406	2.760179499979131
