	onset	duration	condition
0	2.760613000020385	419.993341172114	RestingState
