	biopac_channel	condition	duration	onset
0	41	kungfury2	931.1199810362887	2.760115099954419
