	biopac_channel	condition	duration	onset
0	40	kungfury1	931.2390520018525	2.7601934000849724
