	biopac_channel	condition	duration	onset
0	40	kungfury1	931.2143280806486	2.7602001999039203
