	biopac_channel	condition	duration	onset
0	41	kungfury2	931.1149040102027	2.7601731000468135
