	biopac_channel	condition	duration	onset
0	40	kungfury1	931.2242194091668	2.7601990000111982
