	onset	duration	condition
0	2.7598614000016823	419.9913398498611	RestingState
