	biopac_channel	condition	duration	onset
0	40	kungfury1	931.2218798766844	2.760116199962795
