	biopac_channel	condition	duration	onset
0	40	kungfury1	931.220502702985	2.760112499818206
