	biopac_channel	condition	duration	onset
0	40	kungfury1	931.2389861203264	2.7601927000796422
