	onset	duration	condition
0	2.760245500016026	420.00541194027755	RestingState
