	biopac_channel	condition	duration	onset
0	40	kungfury1	931.208939463133	2.760188000043854
