	onset	duration	condition
0	2.7593916999176145	420.0084214510862	RestingState
