	biopac_channel	condition	duration	onset
0	41	kungfury2	931.090020300675	2.760217200004263
