	biopac_channel	condition	duration	onset
0	41	kungfury2	931.1197424553102	2.7601952999830246
