	onset	duration	condition
0	2.7607249999418855	419.9880033954978	RestingState
