	biopac_channel	condition	duration	onset
0	41	kungfury2	931.1151171011152	2.760190200060606
