	biopac_channel	condition	duration	onset
0	41	kungfury2	931.1062265317887	2.7601791999768466
