	biopac_channel	condition	duration	onset
0	40	kungfury1	931.2177879447117	2.760212399996817
