	biopac_channel	condition	duration	onset
0	40	kungfury1	931.2294122599997	2.760192099958658
