	biopac_channel	condition	duration	onset
0	40	kungfury1	931.214257662883	2.760218400042504
