	biopac_channel	condition	duration	onset
0	40	kungfury1	931.2243309367914	2.7601876000408083
