	biopac_channel	condition	duration	onset
0	40	kungfury1	931.2188023235649	2.760112899937667
