	biopac_channel	condition	duration	onset
0	41	kungfury2	931.1046793390415	2.7603633999824524
