	onset	duration	condition
0	2.7610724000260234	419.99465734814294	RestingState
