	onset	duration	condition	biopac_channel
0	2.7602172000333667	9.996024240506813	kungfury1	215
