	biopac_channel	condition	duration	onset
0	41	kungfury2	931.1012057196349	2.760193199850619
