	biopac_channel	condition	duration	onset
0	40	kungfury1	931.224286023993	2.7601923000765964
