	biopac_channel	condition	duration	onset
0	40	kungfury1	931.2282185799486	2.760189900000114
