	biopac_channel	condition	duration	onset
0	40	kungfury1	931.2270885969047	2.760163800092414
