	biopac_channel	condition	duration	onset
0	41	kungfury2	931.1178107137093	2.7602172000333667
