	biopac_channel	condition	duration	onset
0	40	kungfury1	931.2353756134398	2.7602035999298096
