	biopac_channel	condition	duration	onset
0	40	kungfury1	931.2109904404497	2.760118699981831
