	biopac_channel	condition	duration	onset
0	40	kungfury1	931.2223791959696	2.760255000088364
