	biopac_channel	condition	duration	onset
0	40	kungfury1	931.2145668854937	2.760178799973801
