	biopac_channel	condition	duration	onset
0	40	kungfury1	931.208230973105	2.760363099980168
