	biopac_channel	condition	duration	onset
0	41	kungfury2	931.1169631382218	2.760193199967034
