	biopac_channel	condition	duration	onset
0	41	kungfury2	931.1239105028799	2.760107099893503
