	onset	duration	condition
0	2.7608056999742985	420.0098063625628	RestingState
