	biopac_channel	condition	duration	onset
0	41	kungfury2	931.1190277966671	2.760132299968973
