	biopac_channel	condition	duration	onset
0	41	kungfury2	931.1195081986953	2.760168799897656
