	biopac_channel	condition	duration	onset
0	41	kungfury2	931.1064365548082	2.760151299647987
