	biopac_channel	condition	duration	onset
0	40	kungfury1	931.2098568198271	2.7602801001630723
