	biopac_channel	condition	duration	onset
0	41	kungfury2	931.1028670723317	2.760125699918717
