	biopac_channel	condition	duration	onset
0	40	kungfury1	931.222593019018	2.760198300005868
