	biopac_channel	condition	duration	onset
0	40	kungfury1	931.2009840393439	2.760121100000106
