	onset	duration	condition
0	2.760162299964577	419.9934082874097	RestingState
