	onset	duration	condition
0	2.7599551000166684	420.0030927020707	RestingState
