	biopac_channel	condition	duration	onset
0	41	kungfury2	931.1274527646601	2.760133200092241
