	biopac_channel	condition	duration	onset
0	41	kungfury2	931.1029182691127	2.7601796000963077
